{"stats":{"minecraft:killed_by":{"jujutsucraft:cursed_spirit_grade_25":1,"jujutsucraft:cursed_spirit_grade_01":2,"jujutsucraft:cursed_spirit_grade_36":1,"jujutsucraft:cursed_spirit_grade_16":2,"jujutsucraft:cursed_spirit_grade_12":3,"jujutsucraft:cursed_spirit_grade_05":19,"jujutsucraft:mimiko":1,"jujutsucraft:cursed_spirit_grade_31":1,"jujutsucraft:cursed_spirit_grade_33":1,"jujutsucraft:cursed_spirit_grade_22":1,"jujutsucraft:cursed_spirit_grade_26":1,"jujutsucraft:cursed_spirit_grade_110":2,"jujutsucraft:cursed_spirit_grade_19":1,"jujutsucraft:cursed_spirit_grade_314":1,"jujutsucraft:cursed_spirit_grade_315":1,"mutantmonsters:mutant_creeper":1,"jujutsucraft:curse_user":1,"jujutsucraft:cursed_spirit_grade_23":1,"jujutsucraft:rozetsu":1},"minecraft:used":{"minecraft:stone_pickaxe":1,"minecraft:wooden_pickaxe":18,"minecraft:white_wool":6,"minecraft:salmon":1,"jujutsucraft:nyoi_staff":5,"minecraft:dirt":39,"minecraft:mutton":2,"minecraft:crafting_table":1,"minecraft:grass_block":1,"jujutsucraft:dragon_bone":3,"minecraft:stone_axe":19,"minecraft:tall_grass":1,"minecraft:porkchop":4,"tombstone:gift":3,"minecraft:coarse_dirt":2},"minecraft:mined":{"minecraft:crafting_table":1,"minecraft:grass_block":17,"minecraft:coarse_dirt":2,"minecraft:grass":4,"minecraft:oak_log":24,"minecraft:dirt":22,"minecraft:stone":9,"minecraft:white_wool":3,"minecraft:oak_leaves":6},"minecraft:custom":{"minecraft:interact_with_smithing_table":1,"minecraft:inspect_dropper":1,"minecraft:mob_kills":177,"minecraft:interact_with_crafting_table":2,"minecraft:open_barrel":25,"minecraft:interact_with_loom":1,"minecraft:bell_ring":1,"minecraft:damage_dealt_resisted":16979,"minecraft:leave_game":4,"minecraft:time_since_death":6340,"minecraft:climb_one_cm":1012,"minecraft:damage_resisted":203,"minecraft:time_since_rest":6027,"minecraft:sprint_one_cm":253470,"minecraft:damage_taken":14094,"minecraft:walk_one_cm":324528,"minecraft:drop":8,"minecraft:damage_dealt":92,"minecraft:swim_one_cm":5548,"minecraft:fly_one_cm":1259937,"minecraft:open_chest":10,"minecraft:crouch_one_cm":4268,"minecraft:play_time":108051,"minecraft:deaths":44,"minecraft:sneak_time":1988,"minecraft:walk_under_water_one_cm":9337,"minecraft:jump":1906,"minecraft:walk_on_water_one_cm":20278,"minecraft:total_world_time":108051,"minecraft:fall_one_cm":37813},"minecraft:killed":{"jujutsucraft:mimiko":2,"jujutsucraft:cursed_spirit_grade_32":5,"jujutsucraft:cursed_spirit_grade_31":1,"jujutsucraft:cursed_spirit_grade_33":16,"minecraft:pig":6,"jujutsucraft:nanako":3,"jujutsucraft:cursed_spirit_grade_12":1,"minecraft:salmon":23,"minecraft:bat":9,"jujutsucraft:cursed_spirit_grade_35":2,"jujutsucraft:cursed_spirit_grade_318":2,"jujutsucraft:cursed_spirit_grade_316":4,"jujutsucraft:curse_user_1":1,"minecraft:squid":9,"minecraft:sheep":10,"minecraft:horse":6,"jujutsucraft:cursed_spirit_grade_05":1,"jujutsucraft:cursed_spirit_grade_39":6,"jujutsucraft:cursed_spirit_grade_313":3,"jujutsucraft:cursed_spirit_grade_312":1,"jujutsucraft:cursed_spirit_grade_314":8,"jujutsucraft:crow":3,"jujutsucraft:cursed_spirit_grade_311":5,"jujutsucraft:cursed_spirit_grade_310":5,"minecraft:chicken":5,"jujutsucraft:cursed_spirit_grade_36":5,"jujutsucraft:cursed_spirit_grade_317":7,"jujutsucraft:cursed_spirit_grade_315":5,"jujutsucraft:cursed_spirit_grade_34":6,"jujutsucraft:cursed_spirit_grade_319":1,"minecraft:cow":2},"minecraft:crafted":{"minecraft:oak_planks":36,"minecraft:crafting_table":1,"minecraft:wooden_pickaxe":1,"minecraft:stone_axe":1,"minecraft:stick":8,"minecraft:stone_pickaxe":1},"minecraft:picked_up":{"minecraft:crafting_table":1,"minecraft:coarse_dirt":2,"minecraft:feather":2,"minecraft:chicken":1,"minecraft:salmon":2,"minecraft:leather":6,"minecraft:oak_log":24,"minecraft:dirt":44,"minecraft:iron_axe":1,"minecraft:bow":1,"mysticalagriculture:inferium_essence":27,"minecraft:tall_grass":2,"jujutsucraft:dragon_bone":1,"minecraft:porkchop":8,"minecraft:ink_sac":5,"minecraft:grass_block":1,"minecraft:spectral_arrow":1,"minecraft:rotten_flesh":2,"minecraft:grass":3,"minecraft:oak_sapling":1,"minecraft:black_wool":2,"minecraft:mutton":18,"minecraft:white_wool":10,"minecraft:cobblestone":9,"minecraft:sunflower":2},"minecraft:dropped":{"minecraft:porkchop":2,"minecraft:grass":1,"tombstone:grave_key":2,"mysticalagriculture:inferium_essence":3,"minecraft:sunflower":1,"minecraft:wooden_pickaxe":1,"jujutsucraft:dragon_bone":1}},"DataVersion":3465}