{"stats":{"minecraft:killed_by":{"jujutsucraft:cursed_spirit_grade_25":1},"minecraft:used":{"minecraft:dirt":2,"tombstone:gift":1,"minecraft:coarse_dirt":2},"minecraft:mined":{"minecraft:grass_block":1,"minecraft:oak_log":4,"minecraft:coarse_dirt":2,"minecraft:dirt":5,"minecraft:oak_leaves":3},"minecraft:custom":{"minecraft:time_since_rest":11211,"minecraft:deaths":1,"minecraft:sprint_one_cm":4909,"minecraft:play_time":13954,"minecraft:damage_taken":376,"minecraft:walk_one_cm":8692,"minecraft:sneak_time":452,"minecraft:walk_under_water_one_cm":6857,"minecraft:jump":31,"minecraft:leave_game":3,"minecraft:walk_on_water_one_cm":1899,"minecraft:time_since_death":11486,"minecraft:total_world_time":13954,"minecraft:swim_one_cm":2196,"minecraft:fall_one_cm":251,"minecraft:fly_one_cm":8000},"minecraft:picked_up":{"minecraft:coarse_dirt":2,"minecraft:oak_log":4,"minecraft:dirt":6}},"DataVersion":3465}