{"stats":{"minecraft:killed_by":{"jujutsucraft:cursed_spirit_grade_25":1,"jujutsucraft:cursed_spirit_grade_16":2,"jujutsucraft:cursed_spirit_grade_314":1,"mutantmonsters:mutant_creeper":1,"jujutsucraft:cursed_spirit_grade_23":1},"minecraft:used":{"minecraft:wooden_pickaxe":18,"minecraft:stone_axe":19,"minecraft:salmon":1,"minecraft:dirt":2,"minecraft:mutton":2,"minecraft:crafting_table":1,"minecraft:porkchop":3,"tombstone:gift":1,"minecraft:coarse_dirt":2},"minecraft:mined":{"minecraft:coarse_dirt":2,"minecraft:crafting_table":1,"minecraft:grass":1,"minecraft:grass_block":6,"minecraft:oak_log":24,"minecraft:dirt":15,"minecraft:stone":9,"minecraft:oak_leaves":6},"minecraft:custom":{"minecraft:time_since_rest":920,"minecraft:sprint_one_cm":82892,"minecraft:damage_taken":2076,"minecraft:walk_one_cm":103491,"minecraft:mob_kills":55,"minecraft:drop":1,"minecraft:damage_dealt":22,"minecraft:swim_one_cm":3052,"minecraft:interact_with_crafting_table":2,"minecraft:fly_one_cm":326971,"minecraft:crouch_one_cm":348,"minecraft:play_time":37954,"minecraft:deaths":6,"minecraft:sneak_time":861,"minecraft:walk_under_water_one_cm":7590,"minecraft:jump":498,"minecraft:damage_dealt_resisted":1371,"minecraft:leave_game":3,"minecraft:time_since_death":1667,"minecraft:walk_on_water_one_cm":6975,"minecraft:total_world_time":37954,"minecraft:fall_one_cm":8909},"minecraft:killed":{"jujutsucraft:cursed_spirit_grade_32":1,"minecraft:horse":6,"minecraft:sheep":8,"jujutsucraft:cursed_spirit_grade_33":2,"jujutsucraft:cursed_spirit_grade_314":1,"jujutsucraft:cursed_spirit_grade_313":1,"minecraft:pig":3,"jujutsucraft:crow":2,"jujutsucraft:cursed_spirit_grade_310":1,"minecraft:chicken":1,"minecraft:salmon":14,"jujutsucraft:cursed_spirit_grade_317":4,"jujutsucraft:cursed_spirit_grade_34":1,"minecraft:squid":7},"minecraft:crafted":{"minecraft:oak_planks":36,"minecraft:crafting_table":1,"minecraft:stick":8,"minecraft:wooden_pickaxe":1,"minecraft:stone_pickaxe":1,"minecraft:stone_axe":1},"minecraft:picked_up":{"minecraft:crafting_table":1,"minecraft:coarse_dirt":2,"minecraft:chicken":1,"minecraft:feather":2,"minecraft:salmon":1,"minecraft:leather":6,"minecraft:porkchop":6,"minecraft:oak_log":24,"minecraft:ink_sac":1,"minecraft:grass_block":1,"minecraft:dirt":21,"mysticalagriculture:inferium_essence":14,"minecraft:grass":2,"minecraft:tall_grass":1,"minecraft:oak_sapling":1,"minecraft:black_wool":2,"minecraft:mutton":14,"minecraft:white_wool":5,"minecraft:cobblestone":9},"minecraft:dropped":{"minecraft:wooden_pickaxe":1}},"DataVersion":3465}