{"stats":{"minecraft:killed_by":{"jujutsucraft:cursed_spirit_grade_25":1,"jujutsucraft:cursed_spirit_grade_16":2},"minecraft:used":{"minecraft:wooden_pickaxe":18,"minecraft:stone_axe":6,"minecraft:salmon":1,"minecraft:dirt":2,"minecraft:crafting_table":1,"tombstone:gift":1,"minecraft:coarse_dirt":2},"minecraft:mined":{"minecraft:coarse_dirt":2,"minecraft:crafting_table":1,"minecraft:grass":1,"minecraft:grass_block":5,"minecraft:oak_log":14,"minecraft:dirt":13,"minecraft:stone":9,"minecraft:oak_leaves":3},"minecraft:custom":{"minecraft:time_since_rest":1712,"minecraft:sprint_one_cm":45054,"minecraft:damage_taken":1095,"minecraft:walk_one_cm":57622,"minecraft:mob_kills":28,"minecraft:drop":1,"minecraft:damage_dealt":22,"minecraft:swim_one_cm":3052,"minecraft:interact_with_crafting_table":2,"minecraft:fly_one_cm":140630,"minecraft:crouch_one_cm":348,"minecraft:play_time":25954,"minecraft:deaths":3,"minecraft:sneak_time":850,"minecraft:walk_under_water_one_cm":7590,"minecraft:jump":269,"minecraft:damage_dealt_resisted":6,"minecraft:leave_game":3,"minecraft:time_since_death":2266,"minecraft:walk_on_water_one_cm":6975,"minecraft:total_world_time":25954,"minecraft:fall_one_cm":3882},"minecraft:killed":{"minecraft:sheep":4,"minecraft:pig":3,"minecraft:salmon":14,"minecraft:squid":7},"minecraft:crafted":{"minecraft:oak_planks":36,"minecraft:crafting_table":1,"minecraft:stick":8,"minecraft:wooden_pickaxe":1,"minecraft:stone_pickaxe":1,"minecraft:stone_axe":1},"minecraft:picked_up":{"minecraft:crafting_table":1,"minecraft:coarse_dirt":2,"minecraft:salmon":1,"minecraft:leather":2,"minecraft:porkchop":6,"minecraft:oak_log":14,"minecraft:ink_sac":1,"minecraft:dirt":18,"mysticalagriculture:inferium_essence":5,"minecraft:oak_sapling":1,"minecraft:black_wool":1,"minecraft:mutton":8,"minecraft:white_wool":3,"minecraft:cobblestone":9},"minecraft:dropped":{"minecraft:wooden_pickaxe":1}},"DataVersion":3465}