{"stats":{"minecraft:killed_by":{"jujutsucraft:cursed_spirit_grade_25":1,"jujutsucraft:cursed_spirit_grade_16":2,"jujutsucraft:cursed_spirit_grade_314":1,"mutantmonsters:mutant_creeper":1,"jujutsucraft:cursed_spirit_grade_23":1},"minecraft:used":{"minecraft:stone_pickaxe":1,"minecraft:wooden_pickaxe":18,"minecraft:salmon":1,"minecraft:dirt":4,"minecraft:mutton":2,"minecraft:crafting_table":1,"minecraft:grass_block":1,"jujutsucraft:dragon_bone":3,"minecraft:stone_axe":19,"minecraft:porkchop":4,"tombstone:gift":3,"minecraft:coarse_dirt":2},"minecraft:mined":{"minecraft:crafting_table":1,"minecraft:grass_block":7,"minecraft:coarse_dirt":2,"minecraft:grass":4,"minecraft:oak_log":24,"minecraft:dirt":15,"minecraft:stone":9,"minecraft:oak_leaves":6},"minecraft:custom":{"minecraft:interact_with_smithing_table":1,"minecraft:mob_kills":69,"minecraft:interact_with_crafting_table":2,"minecraft:open_barrel":16,"minecraft:interact_with_loom":1,"minecraft:damage_dealt_resisted":2247,"minecraft:leave_game":3,"minecraft:time_since_death":13667,"minecraft:time_since_rest":12920,"minecraft:sprint_one_cm":107399,"minecraft:damage_taken":2516,"minecraft:walk_one_cm":136807,"minecraft:drop":2,"minecraft:damage_dealt":22,"minecraft:swim_one_cm":3052,"minecraft:fly_one_cm":448298,"minecraft:crouch_one_cm":541,"minecraft:play_time":49954,"minecraft:deaths":6,"minecraft:sneak_time":968,"minecraft:walk_under_water_one_cm":7590,"minecraft:jump":718,"minecraft:walk_on_water_one_cm":6975,"minecraft:total_world_time":49954,"minecraft:fall_one_cm":17027},"minecraft:killed":{"jujutsucraft:cursed_spirit_grade_32":1,"jujutsucraft:cursed_spirit_grade_33":3,"minecraft:pig":6,"minecraft:salmon":14,"minecraft:squid":7,"minecraft:sheep":10,"minecraft:horse":6,"jujutsucraft:cursed_spirit_grade_313":1,"jujutsucraft:cursed_spirit_grade_314":3,"jujutsucraft:crow":2,"jujutsucraft:cursed_spirit_grade_310":1,"minecraft:chicken":1,"jujutsucraft:cursed_spirit_grade_317":4,"jujutsucraft:cursed_spirit_grade_315":2,"jujutsucraft:cursed_spirit_grade_34":1,"minecraft:cow":2},"minecraft:crafted":{"minecraft:oak_planks":36,"minecraft:crafting_table":1,"minecraft:wooden_pickaxe":1,"minecraft:stone_axe":1,"minecraft:stick":8,"minecraft:stone_pickaxe":1},"minecraft:picked_up":{"minecraft:coarse_dirt":2,"minecraft:crafting_table":1,"minecraft:feather":2,"minecraft:chicken":1,"minecraft:salmon":1,"minecraft:leather":6,"minecraft:oak_log":24,"minecraft:dirt":22,"minecraft:iron_axe":1,"minecraft:bow":1,"mysticalagriculture:inferium_essence":16,"minecraft:tall_grass":1,"jujutsucraft:dragon_bone":1,"minecraft:porkchop":6,"minecraft:ink_sac":1,"minecraft:grass_block":1,"minecraft:spectral_arrow":1,"minecraft:rotten_flesh":2,"minecraft:grass":2,"minecraft:oak_sapling":1,"minecraft:black_wool":2,"minecraft:mutton":17,"minecraft:white_wool":7,"minecraft:cobblestone":9,"minecraft:sunflower":1},"minecraft:dropped":{"minecraft:wooden_pickaxe":1,"jujutsucraft:dragon_bone":1}},"DataVersion":3465}