{"stats":{"minecraft:killed_by":{"jujutsucraft:cursed_spirit_grade_25":1,"jujutsucraft:cursed_spirit_grade_01":2,"jujutsucraft:cursed_spirit_grade_36":1,"jujutsucraft:cursed_spirit_grade_16":2,"jujutsucraft:cursed_spirit_grade_12":2,"jujutsucraft:cursed_spirit_grade_05":3,"jujutsucraft:mimiko":1,"jujutsucraft:cursed_spirit_grade_31":1,"jujutsucraft:cursed_spirit_grade_33":1,"jujutsucraft:cursed_spirit_grade_22":1,"jujutsucraft:cursed_spirit_grade_110":2,"jujutsucraft:cursed_spirit_grade_19":1,"jujutsucraft:cursed_spirit_grade_314":1,"jujutsucraft:cursed_spirit_grade_315":1,"mutantmonsters:mutant_creeper":1,"jujutsucraft:curse_user":1,"jujutsucraft:cursed_spirit_grade_23":1,"jujutsucraft:rozetsu":1},"minecraft:used":{"minecraft:stone_pickaxe":1,"minecraft:wooden_pickaxe":18,"minecraft:white_wool":5,"minecraft:salmon":1,"jujutsucraft:nyoi_staff":1,"minecraft:dirt":10,"minecraft:mutton":2,"minecraft:crafting_table":1,"minecraft:grass_block":1,"jujutsucraft:dragon_bone":3,"minecraft:stone_axe":19,"minecraft:porkchop":4,"tombstone:gift":3,"minecraft:coarse_dirt":2},"minecraft:mined":{"minecraft:crafting_table":1,"minecraft:grass_block":14,"minecraft:coarse_dirt":2,"minecraft:grass":4,"minecraft:oak_log":24,"minecraft:dirt":16,"minecraft:stone":9,"minecraft:white_wool":2,"minecraft:oak_leaves":6},"minecraft:custom":{"minecraft:interact_with_smithing_table":1,"minecraft:inspect_dropper":1,"minecraft:mob_kills":147,"minecraft:interact_with_crafting_table":2,"minecraft:open_barrel":25,"minecraft:interact_with_loom":1,"minecraft:bell_ring":1,"minecraft:damage_dealt_resisted":10548,"minecraft:leave_game":4,"minecraft:time_since_death":7240,"minecraft:climb_one_cm":1012,"minecraft:time_since_rest":5958,"minecraft:sprint_one_cm":202098,"minecraft:damage_taken":8529,"minecraft:walk_one_cm":266537,"minecraft:drop":8,"minecraft:damage_dealt":22,"minecraft:swim_one_cm":3921,"minecraft:fly_one_cm":1018787,"minecraft:open_chest":10,"minecraft:crouch_one_cm":657,"minecraft:play_time":84051,"minecraft:deaths":26,"minecraft:sneak_time":1059,"minecraft:walk_under_water_one_cm":8948,"minecraft:jump":1566,"minecraft:walk_on_water_one_cm":15639,"minecraft:total_world_time":84051,"minecraft:fall_one_cm":29312},"minecraft:killed":{"jujutsucraft:mimiko":2,"jujutsucraft:cursed_spirit_grade_32":4,"jujutsucraft:cursed_spirit_grade_31":1,"jujutsucraft:cursed_spirit_grade_33":10,"minecraft:pig":6,"jujutsucraft:nanako":2,"minecraft:salmon":22,"minecraft:bat":6,"jujutsucraft:cursed_spirit_grade_35":1,"jujutsucraft:cursed_spirit_grade_318":2,"jujutsucraft:cursed_spirit_grade_316":4,"jujutsucraft:curse_user_1":1,"minecraft:squid":9,"minecraft:sheep":10,"minecraft:horse":6,"jujutsucraft:cursed_spirit_grade_39":2,"jujutsucraft:cursed_spirit_grade_313":2,"jujutsucraft:cursed_spirit_grade_312":1,"jujutsucraft:cursed_spirit_grade_314":7,"jujutsucraft:crow":3,"jujutsucraft:cursed_spirit_grade_311":5,"jujutsucraft:cursed_spirit_grade_310":4,"minecraft:chicken":5,"jujutsucraft:cursed_spirit_grade_36":1,"jujutsucraft:cursed_spirit_grade_317":5,"jujutsucraft:cursed_spirit_grade_315":5,"jujutsucraft:cursed_spirit_grade_34":6,"jujutsucraft:cursed_spirit_grade_319":1,"minecraft:cow":2},"minecraft:crafted":{"minecraft:oak_planks":36,"minecraft:crafting_table":1,"minecraft:wooden_pickaxe":1,"minecraft:stone_axe":1,"minecraft:stick":8,"minecraft:stone_pickaxe":1},"minecraft:picked_up":{"minecraft:crafting_table":1,"minecraft:coarse_dirt":2,"minecraft:feather":2,"minecraft:chicken":1,"minecraft:salmon":1,"minecraft:leather":6,"minecraft:oak_log":24,"minecraft:dirt":35,"minecraft:iron_axe":1,"minecraft:bow":1,"mysticalagriculture:inferium_essence":24,"minecraft:tall_grass":1,"jujutsucraft:dragon_bone":1,"minecraft:porkchop":8,"minecraft:ink_sac":2,"minecraft:grass_block":1,"minecraft:spectral_arrow":1,"minecraft:rotten_flesh":2,"minecraft:grass":3,"minecraft:oak_sapling":1,"minecraft:black_wool":2,"minecraft:mutton":17,"minecraft:white_wool":9,"minecraft:cobblestone":9,"minecraft:sunflower":2},"minecraft:dropped":{"minecraft:porkchop":2,"minecraft:grass":1,"tombstone:grave_key":2,"mysticalagriculture:inferium_essence":3,"minecraft:sunflower":1,"minecraft:wooden_pickaxe":1,"jujutsucraft:dragon_bone":1}},"DataVersion":3465}