{"stats":{"minecraft:killed_by":{"jujutsucraft:cursed_spirit_grade_25":1},"minecraft:used":{"tombstone:gift":1,"minecraft:coarse_dirt":2},"minecraft:mined":{"minecraft:coarse_dirt":2,"minecraft:dirt":1},"minecraft:custom":{"minecraft:jump":22,"minecraft:time_since_rest":1334,"minecraft:damage_taken":376,"minecraft:leave_game":3,"minecraft:time_since_death":1609,"minecraft:play_time":4077,"minecraft:sprint_one_cm":4856,"minecraft:walk_one_cm":5749,"minecraft:walk_on_water_one_cm":1147,"minecraft:deaths":1,"minecraft:sneak_time":48,"minecraft:total_world_time":4077,"minecraft:walk_under_water_one_cm":3599,"minecraft:fall_one_cm":251,"minecraft:fly_one_cm":7958},"minecraft:picked_up":{"minecraft:coarse_dirt":2,"minecraft:dirt":1}},"DataVersion":3465}