{"stats":{"minecraft:crafted":{"minecraft:oak_planks":36,"minecraft:crafting_table":1,"minecraft:wooden_pickaxe":1,"minecraft:stone_axe":1,"minecraft:stick":8,"minecraft:stone_pickaxe":1},"minecraft:custom":{"minecraft:interact_with_smithing_table":1,"minecraft:inspect_dropper":1,"minecraft:mob_kills":259,"minecraft:interact_with_crafting_table":2,"minecraft:open_barrel":25,"minecraft:interact_with_loom":1,"minecraft:bell_ring":1,"minecraft:damage_dealt_resisted":22203,"minecraft:leave_game":12,"minecraft:time_since_death":27981,"minecraft:climb_one_cm":1012,"minecraft:damage_resisted":521,"minecraft:time_since_rest":27800,"minecraft:sprint_one_cm":298943,"minecraft:damage_taken":15363,"minecraft:walk_one_cm":386932,"minecraft:drop":8,"minecraft:damage_dealt":92,"minecraft:swim_one_cm":7000,"minecraft:fly_one_cm":1501697,"minecraft:open_chest":10,"minecraft:crouch_one_cm":7829,"minecraft:play_time":185631,"minecraft:deaths":46,"minecraft:sneak_time":4483,"minecraft:walk_under_water_one_cm":11194,"minecraft:jump":2075,"minecraft:walk_on_water_one_cm":25335,"minecraft:total_world_time":185631,"minecraft:fall_one_cm":41493},"minecraft:used":{"minecraft:stone_pickaxe":5,"minecraft:wooden_pickaxe":18,"minecraft:white_wool":6,"minecraft:salmon":1,"jujutsucraft:nyoi_staff":42,"minecraft:dirt":53,"minecraft:mutton":2,"minecraft:crafting_table":1,"minecraft:grass_block":1,"jujutsucraft:dragon_bone":3,"minecraft:stone_axe":19,"minecraft:cobblestone":3,"minecraft:tall_grass":1,"minecraft:porkchop":4,"tombstone:gift":3,"minecraft:coarse_dirt":2},"minecraft:killed_by":{"jujutsucraft:cursed_spirit_grade_25":1,"jujutsucraft:cursed_spirit_grade_01":2,"jujutsucraft:cursed_spirit_grade_36":1,"jujutsucraft:cursed_spirit_grade_16":2,"jujutsucraft:cursed_spirit_grade_05":19,"jujutsucraft:cursed_spirit_grade_12":3,"jujutsucraft:mimiko":1,"jujutsucraft:cursed_spirit_grade_31":1,"jujutsucraft:cursed_spirit_grade_33":1,"jujutsucraft:kashimo_hajime":2,"jujutsucraft:cursed_spirit_grade_22":1,"jujutsucraft:cursed_spirit_grade_26":1,"jujutsucraft:cursed_spirit_grade_110":2,"jujutsucraft:cursed_spirit_grade_19":1,"jujutsucraft:cursed_spirit_grade_314":1,"jujutsucraft:cursed_spirit_grade_315":1,"mutantmonsters:mutant_creeper":1,"jujutsucraft:curse_user":1,"jujutsucraft:cursed_spirit_grade_23":1,"jujutsucraft:rozetsu":1},"minecraft:dropped":{"minecraft:porkchop":2,"minecraft:grass":1,"tombstone:grave_key":2,"mysticalagriculture:inferium_essence":3,"minecraft:sunflower":1,"minecraft:wooden_pickaxe":1,"jujutsucraft:dragon_bone":1},"minecraft:killed":{"jujutsucraft:mimiko":3,"jujutsucraft:cursed_spirit_grade_32":7,"jujutsucraft:cursed_spirit_grade_31":3,"jujutsucraft:cursed_spirit_grade_33":34,"minecraft:pig":6,"jujutsucraft:nanako":3,"minecraft:salmon":41,"jujutsucraft:cursed_spirit_grade_12":1,"minecraft:bat":22,"jujutsucraft:cursed_spirit_grade_35":2,"jujutsucraft:cursed_spirit_grade_318":3,"jujutsucraft:cursed_spirit_grade_316":6,"jujutsucraft:curse_user_1":2,"minecraft:squid":9,"minecraft:sheep":10,"minecraft:horse":6,"jujutsucraft:cursed_spirit_grade_05":1,"jujutsucraft:cursed_spirit_grade_39":9,"jujutsucraft:cursed_spirit_grade_313":3,"jujutsucraft:cursed_spirit_grade_312":1,"jujutsucraft:cursed_spirit_grade_314":11,"jujutsucraft:crow":3,"jujutsucraft:cursed_spirit_grade_311":7,"jujutsucraft:cursed_spirit_grade_310":6,"jujutsucraft:negi_toshihisa":1,"minecraft:chicken":5,"jujutsucraft:cursed_spirit_grade_36":6,"jujutsucraft:cursed_spirit_grade_317":10,"jujutsucraft:cursed_spirit_grade_315":7,"jujutsucraft:cursed_spirit_grade_38":4,"jujutsucraft:cursed_spirit_grade_34":8,"jujutsucraft:cursed_spirit_grade_319":3,"minecraft:cow":2},"minecraft:mined":{"minecraft:crafting_table":1,"minecraft:grass_block":21,"minecraft:cobblestone":3,"minecraft:coarse_dirt":2,"minecraft:iron_ore":1,"minecraft:andesite":4,"minecraft:grass":4,"minecraft:oak_log":24,"minecraft:gravel":2,"minecraft:dirt":38,"minecraft:stone":21,"minecraft:white_wool":4,"minecraft:oak_leaves":6},"minecraft:picked_up":{"minecraft:coarse_dirt":2,"minecraft:crafting_table":1,"minecraft:feather":2,"minecraft:chicken":1,"minecraft:andesite":4,"minecraft:salmon":7,"minecraft:leather":6,"minecraft:oak_log":24,"minecraft:dirt":64,"minecraft:iron_axe":1,"minecraft:bow":1,"mysticalagriculture:inferium_essence":29,"minecraft:tall_grass":2,"jujutsucraft:dragon_bone":1,"minecraft:raw_iron":1,"minecraft:gravel":2,"minecraft:porkchop":8,"minecraft:ink_sac":8,"minecraft:grass_block":1,"minecraft:spectral_arrow":1,"minecraft:rotten_flesh":2,"minecraft:grass":3,"minecraft:oak_sapling":1,"minecraft:black_wool":2,"minecraft:mutton":18,"minecraft:white_wool":11,"minecraft:cobblestone":24,"minecraft:sunflower":2}},"DataVersion":3465}