{"stats":{"minecraft:killed_by":{"jujutsucraft:cursed_spirit_grade_25":1,"jujutsucraft:cursed_spirit_grade_16":2,"jujutsucraft:cursed_spirit_grade_05":2,"jujutsucraft:cursed_spirit_grade_12":2,"jujutsucraft:mimiko":1,"jujutsucraft:cursed_spirit_grade_33":1,"jujutsucraft:cursed_spirit_grade_110":2,"jujutsucraft:cursed_spirit_grade_19":1,"jujutsucraft:cursed_spirit_grade_314":1,"jujutsucraft:cursed_spirit_grade_315":1,"mutantmonsters:mutant_creeper":1,"jujutsucraft:curse_user":1,"jujutsucraft:cursed_spirit_grade_23":1},"minecraft:used":{"minecraft:stone_pickaxe":1,"minecraft:wooden_pickaxe":18,"minecraft:salmon":1,"minecraft:dirt":4,"minecraft:mutton":2,"minecraft:crafting_table":1,"minecraft:grass_block":1,"jujutsucraft:dragon_bone":3,"minecraft:stone_axe":19,"minecraft:porkchop":4,"tombstone:gift":3,"minecraft:coarse_dirt":2},"minecraft:mined":{"minecraft:crafting_table":1,"minecraft:grass_block":7,"minecraft:coarse_dirt":2,"minecraft:grass":4,"minecraft:oak_log":24,"minecraft:dirt":15,"minecraft:stone":9,"minecraft:oak_leaves":6},"minecraft:custom":{"minecraft:interact_with_smithing_table":1,"minecraft:mob_kills":112,"minecraft:interact_with_crafting_table":2,"minecraft:open_barrel":16,"minecraft:interact_with_loom":1,"minecraft:damage_dealt_resisted":7379,"minecraft:leave_game":3,"minecraft:time_since_death":551,"minecraft:time_since_rest":366,"minecraft:sprint_one_cm":136046,"minecraft:damage_taken":5795,"minecraft:walk_one_cm":200402,"minecraft:drop":3,"minecraft:damage_dealt":22,"minecraft:swim_one_cm":3313,"minecraft:fly_one_cm":741202,"minecraft:open_chest":5,"minecraft:crouch_one_cm":541,"minecraft:play_time":61954,"minecraft:deaths":18,"minecraft:sneak_time":969,"minecraft:walk_under_water_one_cm":8895,"minecraft:jump":1027,"minecraft:walk_on_water_one_cm":13653,"minecraft:total_world_time":61954,"minecraft:fall_one_cm":23035},"minecraft:killed":{"jujutsucraft:mimiko":1,"jujutsucraft:cursed_spirit_grade_32":2,"jujutsucraft:cursed_spirit_grade_31":1,"jujutsucraft:cursed_spirit_grade_33":7,"minecraft:pig":6,"jujutsucraft:nanako":2,"minecraft:salmon":21,"minecraft:bat":5,"jujutsucraft:cursed_spirit_grade_316":2,"jujutsucraft:curse_user_1":1,"minecraft:squid":8,"minecraft:sheep":10,"minecraft:horse":6,"jujutsucraft:cursed_spirit_grade_39":1,"jujutsucraft:cursed_spirit_grade_312":1,"jujutsucraft:cursed_spirit_grade_313":1,"jujutsucraft:cursed_spirit_grade_314":4,"jujutsucraft:crow":3,"jujutsucraft:cursed_spirit_grade_311":3,"jujutsucraft:cursed_spirit_grade_310":2,"minecraft:chicken":1,"jujutsucraft:cursed_spirit_grade_317":5,"jujutsucraft:cursed_spirit_grade_315":3,"jujutsucraft:cursed_spirit_grade_34":4,"jujutsucraft:cursed_spirit_grade_319":1,"minecraft:cow":2},"minecraft:crafted":{"minecraft:oak_planks":36,"minecraft:crafting_table":1,"minecraft:wooden_pickaxe":1,"minecraft:stone_axe":1,"minecraft:stick":8,"minecraft:stone_pickaxe":1},"minecraft:picked_up":{"minecraft:coarse_dirt":2,"minecraft:crafting_table":1,"minecraft:feather":2,"minecraft:chicken":1,"minecraft:salmon":1,"minecraft:leather":6,"minecraft:oak_log":24,"minecraft:dirt":23,"minecraft:iron_axe":1,"minecraft:bow":1,"mysticalagriculture:inferium_essence":18,"minecraft:tall_grass":1,"jujutsucraft:dragon_bone":1,"minecraft:porkchop":6,"minecraft:ink_sac":2,"minecraft:grass_block":1,"minecraft:spectral_arrow":1,"minecraft:rotten_flesh":2,"minecraft:grass":2,"minecraft:oak_sapling":1,"minecraft:black_wool":2,"minecraft:mutton":17,"minecraft:white_wool":7,"minecraft:cobblestone":9,"minecraft:sunflower":2},"minecraft:dropped":{"minecraft:sunflower":1,"minecraft:wooden_pickaxe":1,"jujutsucraft:dragon_bone":1}},"DataVersion":3465}